{
  "type": "farmingforblockheads:market",
  "category": "farmingforblockheads:enchantments",
  "preset": "farming_crossing:kubejsmiles_ticket_16",
  "result": {
    "count": 1,
    "item": "minecraft:enchanted_book",
    "components": {
      "minecraft:stored_enchantments": {
        "levels": {
          "simplytools:power_of_the_depth": 2
        }
      },
      "minecraft:custom_name": "[{\"translate\": \"enchantment.simplytools.power_of_the_depth\"}, {\"text\": \" 2\"}]"
    }
  }
}