{
  "type": "farmingforblockheads:market",
  "category": "farmingforblockheads:enchantments",
  "preset": "farming_crossing:kubejsmiles_ticket_32",
  "result": {
    "count": 1,
    "item": "minecraft:enchanted_book",
    "components": {
      "minecraft:stored_enchantments": {
        "levels": {
          "betterarcheology:penetrating_strike": 1
        }
      },
      "minecraft:custom_name": "[{\"translate\": \"enchantment.betterarcheology.penetrating_strike\"}]"
    }
  }
}