{
  "type": "farmingforblockheads:market",
  "category": "farmingforblockheads:enchantments",
  "preset": "farming_crossing:kubejsmiles_ticket_16",
  "result": {
    "count": 1,
    "item": "minecraft:enchanted_book",
    "components": {
      "minecraft:stored_enchantments": {
        "levels": {
          "minecraft:blast_protection": 3
        }
      },
      "minecraft:custom_name": "[{\"translate\": \"enchantment.minecraft.blast_protection\"}, {\"text\": \" 3\"}]"
    }
  }
}